date_id,date,year,month,month_name,quarter
1,2022-01-01,2022,1,January,Q1
2,2022-01-02,2022,1,January,Q1
3,2022-01-03,2022,1,January,Q1
4,2022-01-04,2022,1,January,Q1
5,2022-01-05,2022,1,January,Q1
6,2022-01-06,2022,1,January,Q1
7,2022-01-07,2022,1,January,Q1
8,2022-01-08,2022,1,January,Q1
9,2022-01-09,2022,1,January,Q1
10,2022-01-10,2022,1,January,Q1
11,2022-01-11,2022,1,January,Q1
12,2022-01-12,2022,1,January,Q1
13,2022-01-13,2022,1,January,Q1
14,2022-01-14,2022,1,January,Q1
15,2022-01-15,2022,1,January,Q1
16,2022-01-16,2022,1,January,Q1
17,2022-01-17,2022,1,January,Q1
18,2022-01-18,2022,1,January,Q1
19,2022-01-19,2022,1,January,Q1
20,2022-01-20,2022,1,January,Q1
21,2022-01-21,2022,1,January,Q1
22,2022-01-22,2022,1,January,Q1
23,2022-01-23,2022,1,January,Q1
24,2022-01-24,2022,1,January,Q1
25,2022-01-25,2022,1,January,Q1
26,2022-01-26,2022,1,January,Q1
27,2022-01-27,2022,1,January,Q1
28,2022-01-28,2022,1,January,Q1
29,2022-01-29,2022,1,January,Q1
30,2022-01-30,2022,1,January,Q1
31,2022-01-31,2022,1,January,Q1
32,2022-02-01,2022,2,February,Q1
33,2022-02-02,2022,2,February,Q1
34,2022-02-03,2022,2,February,Q1
35,2022-02-04,2022,2,February,Q1
36,2022-02-05,2022,2,February,Q1
37,2022-02-06,2022,2,February,Q1
38,2022-02-07,2022,2,February,Q1
39,2022-02-08,2022,2,February,Q1
40,2022-02-09,2022,2,February,Q1
41,2022-02-10,2022,2,February,Q1
42,2022-02-11,2022,2,February,Q1
43,2022-02-12,2022,2,February,Q1
44,2022-02-13,2022,2,February,Q1
45,2022-02-14,2022,2,February,Q1
46,2022-02-15,2022,2,February,Q1
47,2022-02-16,2022,2,February,Q1
48,2022-02-17,2022,2,February,Q1
49,2022-02-18,2022,2,February,Q1
50,2022-02-19,2022,2,February,Q1
51,2022-02-20,2022,2,February,Q1
52,2022-02-21,2022,2,February,Q1
53,2022-02-22,2022,2,February,Q1
54,2022-02-23,2022,2,February,Q1
55,2022-02-24,2022,2,February,Q1
56,2022-02-25,2022,2,February,Q1
57,2022-02-26,2022,2,February,Q1
58,2022-02-27,2022,2,February,Q1
59,2022-02-28,2022,2,February,Q1
60,2022-03-01,2022,3,March,Q1
61,2022-03-02,2022,3,March,Q1
62,2022-03-03,2022,3,March,Q1
63,2022-03-04,2022,3,March,Q1
64,2022-03-05,2022,3,March,Q1
65,2022-03-06,2022,3,March,Q1
66,2022-03-07,2022,3,March,Q1
67,2022-03-08,2022,3,March,Q1
68,2022-03-09,2022,3,March,Q1
69,2022-03-10,2022,3,March,Q1
70,2022-03-11,2022,3,March,Q1
71,2022-03-12,2022,3,March,Q1
72,2022-03-13,2022,3,March,Q1
73,2022-03-14,2022,3,March,Q1
74,2022-03-15,2022,3,March,Q1
75,2022-03-16,2022,3,March,Q1
76,2022-03-17,2022,3,March,Q1
77,2022-03-18,2022,3,March,Q1
78,2022-03-19,2022,3,March,Q1
79,2022-03-20,2022,3,March,Q1
80,2022-03-21,2022,3,March,Q1
81,2022-03-22,2022,3,March,Q1
82,2022-03-23,2022,3,March,Q1
83,2022-03-24,2022,3,March,Q1
84,2022-03-25,2022,3,March,Q1
85,2022-03-26,2022,3,March,Q1
86,2022-03-27,2022,3,March,Q1
87,2022-03-28,2022,3,March,Q1
88,2022-03-29,2022,3,March,Q1
89,2022-03-30,2022,3,March,Q1
90,2022-03-31,2022,3,March,Q1
91,2022-04-01,2022,4,April,Q2
92,2022-04-02,2022,4,April,Q2
93,2022-04-03,2022,4,April,Q2
94,2022-04-04,2022,4,April,Q2
95,2022-04-05,2022,4,April,Q2
96,2022-04-06,2022,4,April,Q2
97,2022-04-07,2022,4,April,Q2
98,2022-04-08,2022,4,April,Q2
99,2022-04-09,2022,4,April,Q2
100,2022-04-10,2022,4,April,Q2
101,2022-04-11,2022,4,April,Q2
102,2022-04-12,2022,4,April,Q2
103,2022-04-13,2022,4,April,Q2
104,2022-04-14,2022,4,April,Q2
105,2022-04-15,2022,4,April,Q2
106,2022-04-16,2022,4,April,Q2
107,2022-04-17,2022,4,April,Q2
108,2022-04-18,2022,4,April,Q2
109,2022-04-19,2022,4,April,Q2
110,2022-04-20,2022,4,April,Q2
111,2022-04-21,2022,4,April,Q2
112,2022-04-22,2022,4,April,Q2
113,2022-04-23,2022,4,April,Q2
114,2022-04-24,2022,4,April,Q2
115,2022-04-25,2022,4,April,Q2
116,2022-04-26,2022,4,April,Q2
117,2022-04-27,2022,4,April,Q2
118,2022-04-28,2022,4,April,Q2
119,2022-04-29,2022,4,April,Q2
120,2022-04-30,2022,4,April,Q2
121,2022-05-01,2022,5,May,Q2
122,2022-05-02,2022,5,May,Q2
123,2022-05-03,2022,5,May,Q2
124,2022-05-04,2022,5,May,Q2
125,2022-05-05,2022,5,May,Q2
126,2022-05-06,2022,5,May,Q2
127,2022-05-07,2022,5,May,Q2
128,2022-05-08,2022,5,May,Q2
129,2022-05-09,2022,5,May,Q2
130,2022-05-10,2022,5,May,Q2
131,2022-05-11,2022,5,May,Q2
132,2022-05-12,2022,5,May,Q2
133,2022-05-13,2022,5,May,Q2
134,2022-05-14,2022,5,May,Q2
135,2022-05-15,2022,5,May,Q2
136,2022-05-16,2022,5,May,Q2
137,2022-05-17,2022,5,May,Q2
138,2022-05-18,2022,5,May,Q2
139,2022-05-19,2022,5,May,Q2
140,2022-05-20,2022,5,May,Q2
141,2022-05-21,2022,5,May,Q2
142,2022-05-22,2022,5,May,Q2
143,2022-05-23,2022,5,May,Q2
144,2022-05-24,2022,5,May,Q2
145,2022-05-25,2022,5,May,Q2
146,2022-05-26,2022,5,May,Q2
147,2022-05-27,2022,5,May,Q2
148,2022-05-28,2022,5,May,Q2
149,2022-05-29,2022,5,May,Q2
150,2022-05-30,2022,5,May,Q2
151,2022-05-31,2022,5,May,Q2
152,2022-06-01,2022,6,June,Q2
153,2022-06-02,2022,6,June,Q2
154,2022-06-03,2022,6,June,Q2
155,2022-06-04,2022,6,June,Q2
156,2022-06-05,2022,6,June,Q2
157,2022-06-06,2022,6,June,Q2
158,2022-06-07,2022,6,June,Q2
159,2022-06-08,2022,6,June,Q2
160,2022-06-09,2022,6,June,Q2
161,2022-06-10,2022,6,June,Q2
162,2022-06-11,2022,6,June,Q2
163,2022-06-12,2022,6,June,Q2
164,2022-06-13,2022,6,June,Q2
165,2022-06-14,2022,6,June,Q2
166,2022-06-15,2022,6,June,Q2
167,2022-06-16,2022,6,June,Q2
168,2022-06-17,2022,6,June,Q2
169,2022-06-18,2022,6,June,Q2
170,2022-06-19,2022,6,June,Q2
171,2022-06-20,2022,6,June,Q2
172,2022-06-21,2022,6,June,Q2
173,2022-06-22,2022,6,June,Q2
174,2022-06-23,2022,6,June,Q2
175,2022-06-24,2022,6,June,Q2
176,2022-06-25,2022,6,June,Q2
177,2022-06-26,2022,6,June,Q2
178,2022-06-27,2022,6,June,Q2
179,2022-06-28,2022,6,June,Q2
180,2022-06-29,2022,6,June,Q2
181,2022-06-30,2022,6,June,Q2
182,2022-07-01,2022,7,July,Q3
183,2022-07-02,2022,7,July,Q3
184,2022-07-03,2022,7,July,Q3
185,2022-07-04,2022,7,July,Q3
186,2022-07-05,2022,7,July,Q3
187,2022-07-06,2022,7,July,Q3
188,2022-07-07,2022,7,July,Q3
189,2022-07-08,2022,7,July,Q3
190,2022-07-09,2022,7,July,Q3
191,2022-07-10,2022,7,July,Q3
192,2022-07-11,2022,7,July,Q3
193,2022-07-12,2022,7,July,Q3
194,2022-07-13,2022,7,July,Q3
195,2022-07-14,2022,7,July,Q3
196,2022-07-15,2022,7,July,Q3
197,2022-07-16,2022,7,July,Q3
198,2022-07-17,2022,7,July,Q3
199,2022-07-18,2022,7,July,Q3
200,2022-07-19,2022,7,July,Q3
201,2022-07-20,2022,7,July,Q3
202,2022-07-21,2022,7,July,Q3
203,2022-07-22,2022,7,July,Q3
204,2022-07-23,2022,7,July,Q3
205,2022-07-24,2022,7,July,Q3
206,2022-07-25,2022,7,July,Q3
207,2022-07-26,2022,7,July,Q3
208,2022-07-27,2022,7,July,Q3
209,2022-07-28,2022,7,July,Q3
210,2022-07-29,2022,7,July,Q3
211,2022-07-30,2022,7,July,Q3
212,2022-07-31,2022,7,July,Q3
213,2022-08-01,2022,8,August,Q3
214,2022-08-02,2022,8,August,Q3
215,2022-08-03,2022,8,August,Q3
216,2022-08-04,2022,8,August,Q3
217,2022-08-05,2022,8,August,Q3
218,2022-08-06,2022,8,August,Q3
219,2022-08-07,2022,8,August,Q3
220,2022-08-08,2022,8,August,Q3
221,2022-08-09,2022,8,August,Q3
222,2022-08-10,2022,8,August,Q3
223,2022-08-11,2022,8,August,Q3
224,2022-08-12,2022,8,August,Q3
225,2022-08-13,2022,8,August,Q3
226,2022-08-14,2022,8,August,Q3
227,2022-08-15,2022,8,August,Q3
228,2022-08-16,2022,8,August,Q3
229,2022-08-17,2022,8,August,Q3
230,2022-08-18,2022,8,August,Q3
231,2022-08-19,2022,8,August,Q3
232,2022-08-20,2022,8,August,Q3
233,2022-08-21,2022,8,August,Q3
234,2022-08-22,2022,8,August,Q3
235,2022-08-23,2022,8,August,Q3
236,2022-08-24,2022,8,August,Q3
237,2022-08-25,2022,8,August,Q3
238,2022-08-26,2022,8,August,Q3
239,2022-08-27,2022,8,August,Q3
240,2022-08-28,2022,8,August,Q3
241,2022-08-29,2022,8,August,Q3
242,2022-08-30,2022,8,August,Q3
243,2022-08-31,2022,8,August,Q3
244,2022-09-01,2022,9,September,Q3
245,2022-09-02,2022,9,September,Q3
246,2022-09-03,2022,9,September,Q3
247,2022-09-04,2022,9,September,Q3
248,2022-09-05,2022,9,September,Q3
249,2022-09-06,2022,9,September,Q3
250,2022-09-07,2022,9,September,Q3
251,2022-09-08,2022,9,September,Q3
252,2022-09-09,2022,9,September,Q3
253,2022-09-10,2022,9,September,Q3
254,2022-09-11,2022,9,September,Q3
255,2022-09-12,2022,9,September,Q3
256,2022-09-13,2022,9,September,Q3
257,2022-09-14,2022,9,September,Q3
258,2022-09-15,2022,9,September,Q3
259,2022-09-16,2022,9,September,Q3
260,2022-09-17,2022,9,September,Q3
261,2022-09-18,2022,9,September,Q3
262,2022-09-19,2022,9,September,Q3
263,2022-09-20,2022,9,September,Q3
264,2022-09-21,2022,9,September,Q3
265,2022-09-22,2022,9,September,Q3
266,2022-09-23,2022,9,September,Q3
267,2022-09-24,2022,9,September,Q3
268,2022-09-25,2022,9,September,Q3
269,2022-09-26,2022,9,September,Q3
270,2022-09-27,2022,9,September,Q3
271,2022-09-28,2022,9,September,Q3
272,2022-09-29,2022,9,September,Q3
273,2022-09-30,2022,9,September,Q3
274,2022-10-01,2022,10,October,Q4
275,2022-10-02,2022,10,October,Q4
276,2022-10-03,2022,10,October,Q4
277,2022-10-04,2022,10,October,Q4
278,2022-10-05,2022,10,October,Q4
279,2022-10-06,2022,10,October,Q4
280,2022-10-07,2022,10,October,Q4
281,2022-10-08,2022,10,October,Q4
282,2022-10-09,2022,10,October,Q4
283,2022-10-10,2022,10,October,Q4
284,2022-10-11,2022,10,October,Q4
285,2022-10-12,2022,10,October,Q4
286,2022-10-13,2022,10,October,Q4
287,2022-10-14,2022,10,October,Q4
288,2022-10-15,2022,10,October,Q4
289,2022-10-16,2022,10,October,Q4
290,2022-10-17,2022,10,October,Q4
291,2022-10-18,2022,10,October,Q4
292,2022-10-19,2022,10,October,Q4
293,2022-10-20,2022,10,October,Q4
294,2022-10-21,2022,10,October,Q4
295,2022-10-22,2022,10,October,Q4
296,2022-10-23,2022,10,October,Q4
297,2022-10-24,2022,10,October,Q4
298,2022-10-25,2022,10,October,Q4
299,2022-10-26,2022,10,October,Q4
300,2022-10-27,2022,10,October,Q4
301,2022-10-28,2022,10,October,Q4
302,2022-10-29,2022,10,October,Q4
303,2022-10-30,2022,10,October,Q4
304,2022-10-31,2022,10,October,Q4
305,2022-11-01,2022,11,November,Q4
306,2022-11-02,2022,11,November,Q4
307,2022-11-03,2022,11,November,Q4
308,2022-11-04,2022,11,November,Q4
309,2022-11-05,2022,11,November,Q4
310,2022-11-06,2022,11,November,Q4
311,2022-11-07,2022,11,November,Q4
312,2022-11-08,2022,11,November,Q4
313,2022-11-09,2022,11,November,Q4
314,2022-11-10,2022,11,November,Q4
315,2022-11-11,2022,11,November,Q4
316,2022-11-12,2022,11,November,Q4
317,2022-11-13,2022,11,November,Q4
318,2022-11-14,2022,11,November,Q4
319,2022-11-15,2022,11,November,Q4
320,2022-11-16,2022,11,November,Q4
321,2022-11-17,2022,11,November,Q4
322,2022-11-18,2022,11,November,Q4
323,2022-11-19,2022,11,November,Q4
324,2022-11-20,2022,11,November,Q4
325,2022-11-21,2022,11,November,Q4
326,2022-11-22,2022,11,November,Q4
327,2022-11-23,2022,11,November,Q4
328,2022-11-24,2022,11,November,Q4
329,2022-11-25,2022,11,November,Q4
330,2022-11-26,2022,11,November,Q4
331,2022-11-27,2022,11,November,Q4
332,2022-11-28,2022,11,November,Q4
333,2022-11-29,2022,11,November,Q4
334,2022-11-30,2022,11,November,Q4
335,2022-12-01,2022,12,December,Q4
336,2022-12-02,2022,12,December,Q4
337,2022-12-03,2022,12,December,Q4
338,2022-12-04,2022,12,December,Q4
339,2022-12-05,2022,12,December,Q4
340,2022-12-06,2022,12,December,Q4
341,2022-12-07,2022,12,December,Q4
342,2022-12-08,2022,12,December,Q4
343,2022-12-09,2022,12,December,Q4
344,2022-12-10,2022,12,December,Q4
345,2022-12-11,2022,12,December,Q4
346,2022-12-12,2022,12,December,Q4
347,2022-12-13,2022,12,December,Q4
348,2022-12-14,2022,12,December,Q4
349,2022-12-15,2022,12,December,Q4
350,2022-12-16,2022,12,December,Q4
351,2022-12-17,2022,12,December,Q4
352,2022-12-18,2022,12,December,Q4
353,2022-12-19,2022,12,December,Q4
354,2022-12-20,2022,12,December,Q4
355,2022-12-21,2022,12,December,Q4
356,2022-12-22,2022,12,December,Q4
357,2022-12-23,2022,12,December,Q4
358,2022-12-24,2022,12,December,Q4
359,2022-12-25,2022,12,December,Q4
360,2022-12-26,2022,12,December,Q4
361,2022-12-27,2022,12,December,Q4
362,2022-12-28,2022,12,December,Q4
363,2022-12-29,2022,12,December,Q4
364,2022-12-30,2022,12,December,Q4
365,2022-12-31,2022,12,December,Q4
366,2023-01-01,2023,1,January,Q1
367,2023-01-02,2023,1,January,Q1
368,2023-01-03,2023,1,January,Q1
369,2023-01-04,2023,1,January,Q1
370,2023-01-05,2023,1,January,Q1
371,2023-01-06,2023,1,January,Q1
372,2023-01-07,2023,1,January,Q1
373,2023-01-08,2023,1,January,Q1
374,2023-01-09,2023,1,January,Q1
375,2023-01-10,2023,1,January,Q1
376,2023-01-11,2023,1,January,Q1
377,2023-01-12,2023,1,January,Q1
378,2023-01-13,2023,1,January,Q1
379,2023-01-14,2023,1,January,Q1
380,2023-01-15,2023,1,January,Q1
381,2023-01-16,2023,1,January,Q1
382,2023-01-17,2023,1,January,Q1
383,2023-01-18,2023,1,January,Q1
384,2023-01-19,2023,1,January,Q1
385,2023-01-20,2023,1,January,Q1
386,2023-01-21,2023,1,January,Q1
387,2023-01-22,2023,1,January,Q1
388,2023-01-23,2023,1,January,Q1
389,2023-01-24,2023,1,January,Q1
390,2023-01-25,2023,1,January,Q1
391,2023-01-26,2023,1,January,Q1
392,2023-01-27,2023,1,January,Q1
393,2023-01-28,2023,1,January,Q1
394,2023-01-29,2023,1,January,Q1
395,2023-01-30,2023,1,January,Q1
396,2023-01-31,2023,1,January,Q1
397,2023-02-01,2023,2,February,Q1
398,2023-02-02,2023,2,February,Q1
399,2023-02-03,2023,2,February,Q1
400,2023-02-04,2023,2,February,Q1
401,2023-02-05,2023,2,February,Q1
402,2023-02-06,2023,2,February,Q1
403,2023-02-07,2023,2,February,Q1
404,2023-02-08,2023,2,February,Q1
405,2023-02-09,2023,2,February,Q1
406,2023-02-10,2023,2,February,Q1
407,2023-02-11,2023,2,February,Q1
408,2023-02-12,2023,2,February,Q1
409,2023-02-13,2023,2,February,Q1
410,2023-02-14,2023,2,February,Q1
411,2023-02-15,2023,2,February,Q1
412,2023-02-16,2023,2,February,Q1
413,2023-02-17,2023,2,February,Q1
414,2023-02-18,2023,2,February,Q1
415,2023-02-19,2023,2,February,Q1
416,2023-02-20,2023,2,February,Q1
417,2023-02-21,2023,2,February,Q1
418,2023-02-22,2023,2,February,Q1
419,2023-02-23,2023,2,February,Q1
420,2023-02-24,2023,2,February,Q1
421,2023-02-25,2023,2,February,Q1
422,2023-02-26,2023,2,February,Q1
423,2023-02-27,2023,2,February,Q1
424,2023-02-28,2023,2,February,Q1
425,2023-03-01,2023,3,March,Q1
426,2023-03-02,2023,3,March,Q1
427,2023-03-03,2023,3,March,Q1
428,2023-03-04,2023,3,March,Q1
429,2023-03-05,2023,3,March,Q1
430,2023-03-06,2023,3,March,Q1
431,2023-03-07,2023,3,March,Q1
432,2023-03-08,2023,3,March,Q1
433,2023-03-09,2023,3,March,Q1
434,2023-03-10,2023,3,March,Q1
435,2023-03-11,2023,3,March,Q1
436,2023-03-12,2023,3,March,Q1
437,2023-03-13,2023,3,March,Q1
438,2023-03-14,2023,3,March,Q1
439,2023-03-15,2023,3,March,Q1
440,2023-03-16,2023,3,March,Q1
441,2023-03-17,2023,3,March,Q1
442,2023-03-18,2023,3,March,Q1
443,2023-03-19,2023,3,March,Q1
444,2023-03-20,2023,3,March,Q1
445,2023-03-21,2023,3,March,Q1
446,2023-03-22,2023,3,March,Q1
447,2023-03-23,2023,3,March,Q1
448,2023-03-24,2023,3,March,Q1
449,2023-03-25,2023,3,March,Q1
450,2023-03-26,2023,3,March,Q1
451,2023-03-27,2023,3,March,Q1
452,2023-03-28,2023,3,March,Q1
453,2023-03-29,2023,3,March,Q1
454,2023-03-30,2023,3,March,Q1
455,2023-03-31,2023,3,March,Q1
456,2023-04-01,2023,4,April,Q2
457,2023-04-02,2023,4,April,Q2
458,2023-04-03,2023,4,April,Q2
459,2023-04-04,2023,4,April,Q2
460,2023-04-05,2023,4,April,Q2
461,2023-04-06,2023,4,April,Q2
462,2023-04-07,2023,4,April,Q2
463,2023-04-08,2023,4,April,Q2
464,2023-04-09,2023,4,April,Q2
465,2023-04-10,2023,4,April,Q2
466,2023-04-11,2023,4,April,Q2
467,2023-04-12,2023,4,April,Q2
468,2023-04-13,2023,4,April,Q2
469,2023-04-14,2023,4,April,Q2
470,2023-04-15,2023,4,April,Q2
471,2023-04-16,2023,4,April,Q2
472,2023-04-17,2023,4,April,Q2
473,2023-04-18,2023,4,April,Q2
474,2023-04-19,2023,4,April,Q2
475,2023-04-20,2023,4,April,Q2
476,2023-04-21,2023,4,April,Q2
477,2023-04-22,2023,4,April,Q2
478,2023-04-23,2023,4,April,Q2
479,2023-04-24,2023,4,April,Q2
480,2023-04-25,2023,4,April,Q2
481,2023-04-26,2023,4,April,Q2
482,2023-04-27,2023,4,April,Q2
483,2023-04-28,2023,4,April,Q2
484,2023-04-29,2023,4,April,Q2
485,2023-04-30,2023,4,April,Q2
486,2023-05-01,2023,5,May,Q2
487,2023-05-02,2023,5,May,Q2
488,2023-05-03,2023,5,May,Q2
489,2023-05-04,2023,5,May,Q2
490,2023-05-05,2023,5,May,Q2
491,2023-05-06,2023,5,May,Q2
492,2023-05-07,2023,5,May,Q2
493,2023-05-08,2023,5,May,Q2
494,2023-05-09,2023,5,May,Q2
495,2023-05-10,2023,5,May,Q2
496,2023-05-11,2023,5,May,Q2
497,2023-05-12,2023,5,May,Q2
498,2023-05-13,2023,5,May,Q2
499,2023-05-14,2023,5,May,Q2
500,2023-05-15,2023,5,May,Q2
501,2023-05-16,2023,5,May,Q2
502,2023-05-17,2023,5,May,Q2
503,2023-05-18,2023,5,May,Q2
504,2023-05-19,2023,5,May,Q2
505,2023-05-20,2023,5,May,Q2
506,2023-05-21,2023,5,May,Q2
507,2023-05-22,2023,5,May,Q2
508,2023-05-23,2023,5,May,Q2
509,2023-05-24,2023,5,May,Q2
510,2023-05-25,2023,5,May,Q2
511,2023-05-26,2023,5,May,Q2
512,2023-05-27,2023,5,May,Q2
513,2023-05-28,2023,5,May,Q2
514,2023-05-29,2023,5,May,Q2
515,2023-05-30,2023,5,May,Q2
516,2023-05-31,2023,5,May,Q2
517,2023-06-01,2023,6,June,Q2
518,2023-06-02,2023,6,June,Q2
519,2023-06-03,2023,6,June,Q2
520,2023-06-04,2023,6,June,Q2
521,2023-06-05,2023,6,June,Q2
522,2023-06-06,2023,6,June,Q2
523,2023-06-07,2023,6,June,Q2
524,2023-06-08,2023,6,June,Q2
525,2023-06-09,2023,6,June,Q2
526,2023-06-10,2023,6,June,Q2
527,2023-06-11,2023,6,June,Q2
528,2023-06-12,2023,6,June,Q2
529,2023-06-13,2023,6,June,Q2
530,2023-06-14,2023,6,June,Q2
531,2023-06-15,2023,6,June,Q2
532,2023-06-16,2023,6,June,Q2
533,2023-06-17,2023,6,June,Q2
534,2023-06-18,2023,6,June,Q2
535,2023-06-19,2023,6,June,Q2
536,2023-06-20,2023,6,June,Q2
537,2023-06-21,2023,6,June,Q2
538,2023-06-22,2023,6,June,Q2
539,2023-06-23,2023,6,June,Q2
540,2023-06-24,2023,6,June,Q2
541,2023-06-25,2023,6,June,Q2
542,2023-06-26,2023,6,June,Q2
543,2023-06-27,2023,6,June,Q2
544,2023-06-28,2023,6,June,Q2
545,2023-06-29,2023,6,June,Q2
546,2023-06-30,2023,6,June,Q2
547,2023-07-01,2023,7,July,Q3
548,2023-07-02,2023,7,July,Q3
549,2023-07-03,2023,7,July,Q3
550,2023-07-04,2023,7,July,Q3
551,2023-07-05,2023,7,July,Q3
552,2023-07-06,2023,7,July,Q3
553,2023-07-07,2023,7,July,Q3
554,2023-07-08,2023,7,July,Q3
555,2023-07-09,2023,7,July,Q3
556,2023-07-10,2023,7,July,Q3
557,2023-07-11,2023,7,July,Q3
558,2023-07-12,2023,7,July,Q3
559,2023-07-13,2023,7,July,Q3
560,2023-07-14,2023,7,July,Q3
561,2023-07-15,2023,7,July,Q3
562,2023-07-16,2023,7,July,Q3
563,2023-07-17,2023,7,July,Q3
564,2023-07-18,2023,7,July,Q3
565,2023-07-19,2023,7,July,Q3
566,2023-07-20,2023,7,July,Q3
567,2023-07-21,2023,7,July,Q3
568,2023-07-22,2023,7,July,Q3
569,2023-07-23,2023,7,July,Q3
570,2023-07-24,2023,7,July,Q3
571,2023-07-25,2023,7,July,Q3
572,2023-07-26,2023,7,July,Q3
573,2023-07-27,2023,7,July,Q3
574,2023-07-28,2023,7,July,Q3
575,2023-07-29,2023,7,July,Q3
576,2023-07-30,2023,7,July,Q3
577,2023-07-31,2023,7,July,Q3
578,2023-08-01,2023,8,August,Q3
579,2023-08-02,2023,8,August,Q3
580,2023-08-03,2023,8,August,Q3
581,2023-08-04,2023,8,August,Q3
582,2023-08-05,2023,8,August,Q3
583,2023-08-06,2023,8,August,Q3
584,2023-08-07,2023,8,August,Q3
585,2023-08-08,2023,8,August,Q3
586,2023-08-09,2023,8,August,Q3
587,2023-08-10,2023,8,August,Q3
588,2023-08-11,2023,8,August,Q3
589,2023-08-12,2023,8,August,Q3
590,2023-08-13,2023,8,August,Q3
591,2023-08-14,2023,8,August,Q3
592,2023-08-15,2023,8,August,Q3
593,2023-08-16,2023,8,August,Q3
594,2023-08-17,2023,8,August,Q3
595,2023-08-18,2023,8,August,Q3
596,2023-08-19,2023,8,August,Q3
597,2023-08-20,2023,8,August,Q3
598,2023-08-21,2023,8,August,Q3
599,2023-08-22,2023,8,August,Q3
600,2023-08-23,2023,8,August,Q3
601,2023-08-24,2023,8,August,Q3
602,2023-08-25,2023,8,August,Q3
603,2023-08-26,2023,8,August,Q3
604,2023-08-27,2023,8,August,Q3
605,2023-08-28,2023,8,August,Q3
606,2023-08-29,2023,8,August,Q3
607,2023-08-30,2023,8,August,Q3
608,2023-08-31,2023,8,August,Q3
609,2023-09-01,2023,9,September,Q3
610,2023-09-02,2023,9,September,Q3
611,2023-09-03,2023,9,September,Q3
612,2023-09-04,2023,9,September,Q3
613,2023-09-05,2023,9,September,Q3
614,2023-09-06,2023,9,September,Q3
615,2023-09-07,2023,9,September,Q3
616,2023-09-08,2023,9,September,Q3
617,2023-09-09,2023,9,September,Q3
618,2023-09-10,2023,9,September,Q3
619,2023-09-11,2023,9,September,Q3
620,2023-09-12,2023,9,September,Q3
621,2023-09-13,2023,9,September,Q3
622,2023-09-14,2023,9,September,Q3
623,2023-09-15,2023,9,September,Q3
624,2023-09-16,2023,9,September,Q3
625,2023-09-17,2023,9,September,Q3
626,2023-09-18,2023,9,September,Q3
627,2023-09-19,2023,9,September,Q3
628,2023-09-20,2023,9,September,Q3
629,2023-09-21,2023,9,September,Q3
630,2023-09-22,2023,9,September,Q3
631,2023-09-23,2023,9,September,Q3
632,2023-09-24,2023,9,September,Q3
633,2023-09-25,2023,9,September,Q3
634,2023-09-26,2023,9,September,Q3
635,2023-09-27,2023,9,September,Q3
636,2023-09-28,2023,9,September,Q3
637,2023-09-29,2023,9,September,Q3
638,2023-09-30,2023,9,September,Q3
639,2023-10-01,2023,10,October,Q4
640,2023-10-02,2023,10,October,Q4
641,2023-10-03,2023,10,October,Q4
642,2023-10-04,2023,10,October,Q4
643,2023-10-05,2023,10,October,Q4
644,2023-10-06,2023,10,October,Q4
645,2023-10-07,2023,10,October,Q4
646,2023-10-08,2023,10,October,Q4
647,2023-10-09,2023,10,October,Q4
648,2023-10-10,2023,10,October,Q4
649,2023-10-11,2023,10,October,Q4
650,2023-10-12,2023,10,October,Q4
651,2023-10-13,2023,10,October,Q4
652,2023-10-14,2023,10,October,Q4
653,2023-10-15,2023,10,October,Q4
654,2023-10-16,2023,10,October,Q4
655,2023-10-17,2023,10,October,Q4
656,2023-10-18,2023,10,October,Q4
657,2023-10-19,2023,10,October,Q4
658,2023-10-20,2023,10,October,Q4
659,2023-10-21,2023,10,October,Q4
660,2023-10-22,2023,10,October,Q4
661,2023-10-23,2023,10,October,Q4
662,2023-10-24,2023,10,October,Q4
663,2023-10-25,2023,10,October,Q4
664,2023-10-26,2023,10,October,Q4
665,2023-10-27,2023,10,October,Q4
666,2023-10-28,2023,10,October,Q4
667,2023-10-29,2023,10,October,Q4
668,2023-10-30,2023,10,October,Q4
669,2023-10-31,2023,10,October,Q4
670,2023-11-01,2023,11,November,Q4
671,2023-11-02,2023,11,November,Q4
672,2023-11-03,2023,11,November,Q4
673,2023-11-04,2023,11,November,Q4
674,2023-11-05,2023,11,November,Q4
675,2023-11-06,2023,11,November,Q4
676,2023-11-07,2023,11,November,Q4
677,2023-11-08,2023,11,November,Q4
678,2023-11-09,2023,11,November,Q4
679,2023-11-10,2023,11,November,Q4
680,2023-11-11,2023,11,November,Q4
681,2023-11-12,2023,11,November,Q4
682,2023-11-13,2023,11,November,Q4
683,2023-11-14,2023,11,November,Q4
684,2023-11-15,2023,11,November,Q4
685,2023-11-16,2023,11,November,Q4
686,2023-11-17,2023,11,November,Q4
687,2023-11-18,2023,11,November,Q4
688,2023-11-19,2023,11,November,Q4
689,2023-11-20,2023,11,November,Q4
690,2023-11-21,2023,11,November,Q4
691,2023-11-22,2023,11,November,Q4
692,2023-11-23,2023,11,November,Q4
693,2023-11-24,2023,11,November,Q4
694,2023-11-25,2023,11,November,Q4
695,2023-11-26,2023,11,November,Q4
696,2023-11-27,2023,11,November,Q4
697,2023-11-28,2023,11,November,Q4
698,2023-11-29,2023,11,November,Q4
699,2023-11-30,2023,11,November,Q4
700,2023-12-01,2023,12,December,Q4
701,2023-12-02,2023,12,December,Q4
702,2023-12-03,2023,12,December,Q4
703,2023-12-04,2023,12,December,Q4
704,2023-12-05,2023,12,December,Q4
705,2023-12-06,2023,12,December,Q4
706,2023-12-07,2023,12,December,Q4
707,2023-12-08,2023,12,December,Q4
708,2023-12-09,2023,12,December,Q4
709,2023-12-10,2023,12,December,Q4
710,2023-12-11,2023,12,December,Q4
711,2023-12-12,2023,12,December,Q4
712,2023-12-13,2023,12,December,Q4
713,2023-12-14,2023,12,December,Q4
714,2023-12-15,2023,12,December,Q4
715,2023-12-16,2023,12,December,Q4
716,2023-12-17,2023,12,December,Q4
717,2023-12-18,2023,12,December,Q4
718,2023-12-19,2023,12,December,Q4
719,2023-12-20,2023,12,December,Q4
720,2023-12-21,2023,12,December,Q4
721,2023-12-22,2023,12,December,Q4
722,2023-12-23,2023,12,December,Q4
723,2023-12-24,2023,12,December,Q4
724,2023-12-25,2023,12,December,Q4
725,2023-12-26,2023,12,December,Q4
726,2023-12-27,2023,12,December,Q4
727,2023-12-28,2023,12,December,Q4
728,2023-12-29,2023,12,December,Q4
729,2023-12-30,2023,12,December,Q4
730,2023-12-31,2023,12,December,Q4
731,2024-01-01,2024,1,January,Q1
732,2024-01-02,2024,1,January,Q1
733,2024-01-03,2024,1,January,Q1
734,2024-01-04,2024,1,January,Q1
735,2024-01-05,2024,1,January,Q1
736,2024-01-06,2024,1,January,Q1
737,2024-01-07,2024,1,January,Q1
738,2024-01-08,2024,1,January,Q1
739,2024-01-09,2024,1,January,Q1
740,2024-01-10,2024,1,January,Q1
741,2024-01-11,2024,1,January,Q1
742,2024-01-12,2024,1,January,Q1
743,2024-01-13,2024,1,January,Q1
744,2024-01-14,2024,1,January,Q1
745,2024-01-15,2024,1,January,Q1
746,2024-01-16,2024,1,January,Q1
747,2024-01-17,2024,1,January,Q1
748,2024-01-18,2024,1,January,Q1
749,2024-01-19,2024,1,January,Q1
750,2024-01-20,2024,1,January,Q1
751,2024-01-21,2024,1,January,Q1
752,2024-01-22,2024,1,January,Q1
753,2024-01-23,2024,1,January,Q1
754,2024-01-24,2024,1,January,Q1
755,2024-01-25,2024,1,January,Q1
756,2024-01-26,2024,1,January,Q1
757,2024-01-27,2024,1,January,Q1
758,2024-01-28,2024,1,January,Q1
759,2024-01-29,2024,1,January,Q1
760,2024-01-30,2024,1,January,Q1
761,2024-01-31,2024,1,January,Q1
762,2024-02-01,2024,2,February,Q1
763,2024-02-02,2024,2,February,Q1
764,2024-02-03,2024,2,February,Q1
765,2024-02-04,2024,2,February,Q1
766,2024-02-05,2024,2,February,Q1
767,2024-02-06,2024,2,February,Q1
768,2024-02-07,2024,2,February,Q1
769,2024-02-08,2024,2,February,Q1
770,2024-02-09,2024,2,February,Q1
771,2024-02-10,2024,2,February,Q1
772,2024-02-11,2024,2,February,Q1
773,2024-02-12,2024,2,February,Q1
774,2024-02-13,2024,2,February,Q1
775,2024-02-14,2024,2,February,Q1
776,2024-02-15,2024,2,February,Q1
777,2024-02-16,2024,2,February,Q1
778,2024-02-17,2024,2,February,Q1
779,2024-02-18,2024,2,February,Q1
780,2024-02-19,2024,2,February,Q1
781,2024-02-20,2024,2,February,Q1
782,2024-02-21,2024,2,February,Q1
783,2024-02-22,2024,2,February,Q1
784,2024-02-23,2024,2,February,Q1
785,2024-02-24,2024,2,February,Q1
786,2024-02-25,2024,2,February,Q1
787,2024-02-26,2024,2,February,Q1
788,2024-02-27,2024,2,February,Q1
789,2024-02-28,2024,2,February,Q1
790,2024-02-29,2024,2,February,Q1
791,2024-03-01,2024,3,March,Q1
792,2024-03-02,2024,3,March,Q1
793,2024-03-03,2024,3,March,Q1
794,2024-03-04,2024,3,March,Q1
795,2024-03-05,2024,3,March,Q1
796,2024-03-06,2024,3,March,Q1
797,2024-03-07,2024,3,March,Q1
798,2024-03-08,2024,3,March,Q1
799,2024-03-09,2024,3,March,Q1
800,2024-03-10,2024,3,March,Q1
801,2024-03-11,2024,3,March,Q1
802,2024-03-12,2024,3,March,Q1
803,2024-03-13,2024,3,March,Q1
804,2024-03-14,2024,3,March,Q1
805,2024-03-15,2024,3,March,Q1
806,2024-03-16,2024,3,March,Q1
807,2024-03-17,2024,3,March,Q1
808,2024-03-18,2024,3,March,Q1
809,2024-03-19,2024,3,March,Q1
810,2024-03-20,2024,3,March,Q1
811,2024-03-21,2024,3,March,Q1
812,2024-03-22,2024,3,March,Q1
813,2024-03-23,2024,3,March,Q1
814,2024-03-24,2024,3,March,Q1
815,2024-03-25,2024,3,March,Q1
816,2024-03-26,2024,3,March,Q1
817,2024-03-27,2024,3,March,Q1
818,2024-03-28,2024,3,March,Q1
819,2024-03-29,2024,3,March,Q1
820,2024-03-30,2024,3,March,Q1
821,2024-03-31,2024,3,March,Q1
822,2024-04-01,2024,4,April,Q2
823,2024-04-02,2024,4,April,Q2
824,2024-04-03,2024,4,April,Q2
825,2024-04-04,2024,4,April,Q2
826,2024-04-05,2024,4,April,Q2
827,2024-04-06,2024,4,April,Q2
828,2024-04-07,2024,4,April,Q2
829,2024-04-08,2024,4,April,Q2
830,2024-04-09,2024,4,April,Q2
831,2024-04-10,2024,4,April,Q2
832,2024-04-11,2024,4,April,Q2
833,2024-04-12,2024,4,April,Q2
834,2024-04-13,2024,4,April,Q2
835,2024-04-14,2024,4,April,Q2
836,2024-04-15,2024,4,April,Q2
837,2024-04-16,2024,4,April,Q2
838,2024-04-17,2024,4,April,Q2
839,2024-04-18,2024,4,April,Q2
840,2024-04-19,2024,4,April,Q2
841,2024-04-20,2024,4,April,Q2
842,2024-04-21,2024,4,April,Q2
843,2024-04-22,2024,4,April,Q2
844,2024-04-23,2024,4,April,Q2
845,2024-04-24,2024,4,April,Q2
846,2024-04-25,2024,4,April,Q2
847,2024-04-26,2024,4,April,Q2
848,2024-04-27,2024,4,April,Q2
849,2024-04-28,2024,4,April,Q2
850,2024-04-29,2024,4,April,Q2
851,2024-04-30,2024,4,April,Q2
852,2024-05-01,2024,5,May,Q2
853,2024-05-02,2024,5,May,Q2
854,2024-05-03,2024,5,May,Q2
855,2024-05-04,2024,5,May,Q2
856,2024-05-05,2024,5,May,Q2
857,2024-05-06,2024,5,May,Q2
858,2024-05-07,2024,5,May,Q2
859,2024-05-08,2024,5,May,Q2
860,2024-05-09,2024,5,May,Q2
861,2024-05-10,2024,5,May,Q2
862,2024-05-11,2024,5,May,Q2
863,2024-05-12,2024,5,May,Q2
864,2024-05-13,2024,5,May,Q2
865,2024-05-14,2024,5,May,Q2
866,2024-05-15,2024,5,May,Q2
867,2024-05-16,2024,5,May,Q2
868,2024-05-17,2024,5,May,Q2
869,2024-05-18,2024,5,May,Q2
870,2024-05-19,2024,5,May,Q2
871,2024-05-20,2024,5,May,Q2
872,2024-05-21,2024,5,May,Q2
873,2024-05-22,2024,5,May,Q2
874,2024-05-23,2024,5,May,Q2
875,2024-05-24,2024,5,May,Q2
876,2024-05-25,2024,5,May,Q2
877,2024-05-26,2024,5,May,Q2
878,2024-05-27,2024,5,May,Q2
879,2024-05-28,2024,5,May,Q2
880,2024-05-29,2024,5,May,Q2
881,2024-05-30,2024,5,May,Q2
882,2024-05-31,2024,5,May,Q2
883,2024-06-01,2024,6,June,Q2
884,2024-06-02,2024,6,June,Q2
885,2024-06-03,2024,6,June,Q2
886,2024-06-04,2024,6,June,Q2
887,2024-06-05,2024,6,June,Q2
888,2024-06-06,2024,6,June,Q2
889,2024-06-07,2024,6,June,Q2
890,2024-06-08,2024,6,June,Q2
891,2024-06-09,2024,6,June,Q2
892,2024-06-10,2024,6,June,Q2
893,2024-06-11,2024,6,June,Q2
894,2024-06-12,2024,6,June,Q2
895,2024-06-13,2024,6,June,Q2
896,2024-06-14,2024,6,June,Q2
897,2024-06-15,2024,6,June,Q2
898,2024-06-16,2024,6,June,Q2
899,2024-06-17,2024,6,June,Q2
900,2024-06-18,2024,6,June,Q2
901,2024-06-19,2024,6,June,Q2
902,2024-06-20,2024,6,June,Q2
903,2024-06-21,2024,6,June,Q2
904,2024-06-22,2024,6,June,Q2
905,2024-06-23,2024,6,June,Q2
906,2024-06-24,2024,6,June,Q2
907,2024-06-25,2024,6,June,Q2
908,2024-06-26,2024,6,June,Q2
909,2024-06-27,2024,6,June,Q2
910,2024-06-28,2024,6,June,Q2
911,2024-06-29,2024,6,June,Q2
912,2024-06-30,2024,6,June,Q2
913,2024-07-01,2024,7,July,Q3
914,2024-07-02,2024,7,July,Q3
915,2024-07-03,2024,7,July,Q3
916,2024-07-04,2024,7,July,Q3
917,2024-07-05,2024,7,July,Q3
918,2024-07-06,2024,7,July,Q3
919,2024-07-07,2024,7,July,Q3
920,2024-07-08,2024,7,July,Q3
921,2024-07-09,2024,7,July,Q3
922,2024-07-10,2024,7,July,Q3
923,2024-07-11,2024,7,July,Q3
924,2024-07-12,2024,7,July,Q3
925,2024-07-13,2024,7,July,Q3
926,2024-07-14,2024,7,July,Q3
927,2024-07-15,2024,7,July,Q3
928,2024-07-16,2024,7,July,Q3
929,2024-07-17,2024,7,July,Q3
930,2024-07-18,2024,7,July,Q3
931,2024-07-19,2024,7,July,Q3
932,2024-07-20,2024,7,July,Q3
933,2024-07-21,2024,7,July,Q3
934,2024-07-22,2024,7,July,Q3
935,2024-07-23,2024,7,July,Q3
936,2024-07-24,2024,7,July,Q3
937,2024-07-25,2024,7,July,Q3
938,2024-07-26,2024,7,July,Q3
939,2024-07-27,2024,7,July,Q3
940,2024-07-28,2024,7,July,Q3
941,2024-07-29,2024,7,July,Q3
942,2024-07-30,2024,7,July,Q3
943,2024-07-31,2024,7,July,Q3
944,2024-08-01,2024,8,August,Q3
945,2024-08-02,2024,8,August,Q3
946,2024-08-03,2024,8,August,Q3
947,2024-08-04,2024,8,August,Q3
948,2024-08-05,2024,8,August,Q3
949,2024-08-06,2024,8,August,Q3
950,2024-08-07,2024,8,August,Q3
951,2024-08-08,2024,8,August,Q3
952,2024-08-09,2024,8,August,Q3
953,2024-08-10,2024,8,August,Q3
954,2024-08-11,2024,8,August,Q3
955,2024-08-12,2024,8,August,Q3
956,2024-08-13,2024,8,August,Q3
957,2024-08-14,2024,8,August,Q3
958,2024-08-15,2024,8,August,Q3
959,2024-08-16,2024,8,August,Q3
960,2024-08-17,2024,8,August,Q3
961,2024-08-18,2024,8,August,Q3
962,2024-08-19,2024,8,August,Q3
963,2024-08-20,2024,8,August,Q3
964,2024-08-21,2024,8,August,Q3
965,2024-08-22,2024,8,August,Q3
966,2024-08-23,2024,8,August,Q3
967,2024-08-24,2024,8,August,Q3
968,2024-08-25,2024,8,August,Q3
969,2024-08-26,2024,8,August,Q3
970,2024-08-27,2024,8,August,Q3
971,2024-08-28,2024,8,August,Q3
972,2024-08-29,2024,8,August,Q3
973,2024-08-30,2024,8,August,Q3
974,2024-08-31,2024,8,August,Q3
975,2024-09-01,2024,9,September,Q3
976,2024-09-02,2024,9,September,Q3
977,2024-09-03,2024,9,September,Q3
978,2024-09-04,2024,9,September,Q3
979,2024-09-05,2024,9,September,Q3
980,2024-09-06,2024,9,September,Q3
981,2024-09-07,2024,9,September,Q3
982,2024-09-08,2024,9,September,Q3
983,2024-09-09,2024,9,September,Q3
984,2024-09-10,2024,9,September,Q3
985,2024-09-11,2024,9,September,Q3
986,2024-09-12,2024,9,September,Q3
987,2024-09-13,2024,9,September,Q3
988,2024-09-14,2024,9,September,Q3
989,2024-09-15,2024,9,September,Q3
990,2024-09-16,2024,9,September,Q3
991,2024-09-17,2024,9,September,Q3
992,2024-09-18,2024,9,September,Q3
993,2024-09-19,2024,9,September,Q3
994,2024-09-20,2024,9,September,Q3
995,2024-09-21,2024,9,September,Q3
996,2024-09-22,2024,9,September,Q3
997,2024-09-23,2024,9,September,Q3
998,2024-09-24,2024,9,September,Q3
999,2024-09-25,2024,9,September,Q3
1000,2024-09-26,2024,9,September,Q3
1001,2024-09-27,2024,9,September,Q3
1002,2024-09-28,2024,9,September,Q3
1003,2024-09-29,2024,9,September,Q3
1004,2024-09-30,2024,9,September,Q3
1005,2024-10-01,2024,10,October,Q4
1006,2024-10-02,2024,10,October,Q4
1007,2024-10-03,2024,10,October,Q4
1008,2024-10-04,2024,10,October,Q4
1009,2024-10-05,2024,10,October,Q4
1010,2024-10-06,2024,10,October,Q4
1011,2024-10-07,2024,10,October,Q4
1012,2024-10-08,2024,10,October,Q4
1013,2024-10-09,2024,10,October,Q4
1014,2024-10-10,2024,10,October,Q4
1015,2024-10-11,2024,10,October,Q4
1016,2024-10-12,2024,10,October,Q4
1017,2024-10-13,2024,10,October,Q4
1018,2024-10-14,2024,10,October,Q4
1019,2024-10-15,2024,10,October,Q4
1020,2024-10-16,2024,10,October,Q4
1021,2024-10-17,2024,10,October,Q4
1022,2024-10-18,2024,10,October,Q4
1023,2024-10-19,2024,10,October,Q4
1024,2024-10-20,2024,10,October,Q4
1025,2024-10-21,2024,10,October,Q4
1026,2024-10-22,2024,10,October,Q4
1027,2024-10-23,2024,10,October,Q4
1028,2024-10-24,2024,10,October,Q4
1029,2024-10-25,2024,10,October,Q4
1030,2024-10-26,2024,10,October,Q4
1031,2024-10-27,2024,10,October,Q4
1032,2024-10-28,2024,10,October,Q4
1033,2024-10-29,2024,10,October,Q4
1034,2024-10-30,2024,10,October,Q4
1035,2024-10-31,2024,10,October,Q4
1036,2024-11-01,2024,11,November,Q4
1037,2024-11-02,2024,11,November,Q4
1038,2024-11-03,2024,11,November,Q4
1039,2024-11-04,2024,11,November,Q4
1040,2024-11-05,2024,11,November,Q4
1041,2024-11-06,2024,11,November,Q4
1042,2024-11-07,2024,11,November,Q4
1043,2024-11-08,2024,11,November,Q4
1044,2024-11-09,2024,11,November,Q4
1045,2024-11-10,2024,11,November,Q4
1046,2024-11-11,2024,11,November,Q4
1047,2024-11-12,2024,11,November,Q4
1048,2024-11-13,2024,11,November,Q4
1049,2024-11-14,2024,11,November,Q4
1050,2024-11-15,2024,11,November,Q4
1051,2024-11-16,2024,11,November,Q4
1052,2024-11-17,2024,11,November,Q4
1053,2024-11-18,2024,11,November,Q4
1054,2024-11-19,2024,11,November,Q4
1055,2024-11-20,2024,11,November,Q4
1056,2024-11-21,2024,11,November,Q4
1057,2024-11-22,2024,11,November,Q4
1058,2024-11-23,2024,11,November,Q4
1059,2024-11-24,2024,11,November,Q4
1060,2024-11-25,2024,11,November,Q4
1061,2024-11-26,2024,11,November,Q4
1062,2024-11-27,2024,11,November,Q4
1063,2024-11-28,2024,11,November,Q4
1064,2024-11-29,2024,11,November,Q4
1065,2024-11-30,2024,11,November,Q4
1066,2024-12-01,2024,12,December,Q4
1067,2024-12-02,2024,12,December,Q4
1068,2024-12-03,2024,12,December,Q4
1069,2024-12-04,2024,12,December,Q4
1070,2024-12-05,2024,12,December,Q4
1071,2024-12-06,2024,12,December,Q4
1072,2024-12-07,2024,12,December,Q4
1073,2024-12-08,2024,12,December,Q4
1074,2024-12-09,2024,12,December,Q4
1075,2024-12-10,2024,12,December,Q4
1076,2024-12-11,2024,12,December,Q4
1077,2024-12-12,2024,12,December,Q4
1078,2024-12-13,2024,12,December,Q4
1079,2024-12-14,2024,12,December,Q4
1080,2024-12-15,2024,12,December,Q4
1081,2024-12-16,2024,12,December,Q4
1082,2024-12-17,2024,12,December,Q4
1083,2024-12-18,2024,12,December,Q4
1084,2024-12-19,2024,12,December,Q4
1085,2024-12-20,2024,12,December,Q4
1086,2024-12-21,2024,12,December,Q4
1087,2024-12-22,2024,12,December,Q4
1088,2024-12-23,2024,12,December,Q4
1089,2024-12-24,2024,12,December,Q4
1090,2024-12-25,2024,12,December,Q4
1091,2024-12-26,2024,12,December,Q4
1092,2024-12-27,2024,12,December,Q4
1093,2024-12-28,2024,12,December,Q4
1094,2024-12-29,2024,12,December,Q4
1095,2024-12-30,2024,12,December,Q4
1096,2024-12-31,2024,12,December,Q4
1097,2025-01-01,2025,1,January,Q1
1098,2025-01-02,2025,1,January,Q1
1099,2025-01-03,2025,1,January,Q1
1100,2025-01-04,2025,1,January,Q1
1101,2025-01-05,2025,1,January,Q1
1102,2025-01-06,2025,1,January,Q1
1103,2025-01-07,2025,1,January,Q1
1104,2025-01-08,2025,1,January,Q1
1105,2025-01-09,2025,1,January,Q1
1106,2025-01-10,2025,1,January,Q1
1107,2025-01-11,2025,1,January,Q1
1108,2025-01-12,2025,1,January,Q1
1109,2025-01-13,2025,1,January,Q1
1110,2025-01-14,2025,1,January,Q1
1111,2025-01-15,2025,1,January,Q1
1112,2025-01-16,2025,1,January,Q1
1113,2025-01-17,2025,1,January,Q1
1114,2025-01-18,2025,1,January,Q1
1115,2025-01-19,2025,1,January,Q1
1116,2025-01-20,2025,1,January,Q1
1117,2025-01-21,2025,1,January,Q1
1118,2025-01-22,2025,1,January,Q1
1119,2025-01-23,2025,1,January,Q1
1120,2025-01-24,2025,1,January,Q1
1121,2025-01-25,2025,1,January,Q1
1122,2025-01-26,2025,1,January,Q1
1123,2025-01-27,2025,1,January,Q1
1124,2025-01-28,2025,1,January,Q1
1125,2025-01-29,2025,1,January,Q1
1126,2025-01-30,2025,1,January,Q1
1127,2025-01-31,2025,1,January,Q1
1128,2025-02-01,2025,2,February,Q1
1129,2025-02-02,2025,2,February,Q1
1130,2025-02-03,2025,2,February,Q1
1131,2025-02-04,2025,2,February,Q1
1132,2025-02-05,2025,2,February,Q1
1133,2025-02-06,2025,2,February,Q1
1134,2025-02-07,2025,2,February,Q1
1135,2025-02-08,2025,2,February,Q1
1136,2025-02-09,2025,2,February,Q1
1137,2025-02-10,2025,2,February,Q1
1138,2025-02-11,2025,2,February,Q1
1139,2025-02-12,2025,2,February,Q1
1140,2025-02-13,2025,2,February,Q1
1141,2025-02-14,2025,2,February,Q1
1142,2025-02-15,2025,2,February,Q1
1143,2025-02-16,2025,2,February,Q1
1144,2025-02-17,2025,2,February,Q1
1145,2025-02-18,2025,2,February,Q1
1146,2025-02-19,2025,2,February,Q1
1147,2025-02-20,2025,2,February,Q1
1148,2025-02-21,2025,2,February,Q1
1149,2025-02-22,2025,2,February,Q1
1150,2025-02-23,2025,2,February,Q1
1151,2025-02-24,2025,2,February,Q1
1152,2025-02-25,2025,2,February,Q1
1153,2025-02-26,2025,2,February,Q1
1154,2025-02-27,2025,2,February,Q1
1155,2025-02-28,2025,2,February,Q1
1156,2025-03-01,2025,3,March,Q1
1157,2025-03-02,2025,3,March,Q1
1158,2025-03-03,2025,3,March,Q1
1159,2025-03-04,2025,3,March,Q1
1160,2025-03-05,2025,3,March,Q1
1161,2025-03-06,2025,3,March,Q1
1162,2025-03-07,2025,3,March,Q1
1163,2025-03-08,2025,3,March,Q1
1164,2025-03-09,2025,3,March,Q1
1165,2025-03-10,2025,3,March,Q1
1166,2025-03-11,2025,3,March,Q1
1167,2025-03-12,2025,3,March,Q1
1168,2025-03-13,2025,3,March,Q1
1169,2025-03-14,2025,3,March,Q1
1170,2025-03-15,2025,3,March,Q1
1171,2025-03-16,2025,3,March,Q1
1172,2025-03-17,2025,3,March,Q1
1173,2025-03-18,2025,3,March,Q1
1174,2025-03-19,2025,3,March,Q1
1175,2025-03-20,2025,3,March,Q1
1176,2025-03-21,2025,3,March,Q1
1177,2025-03-22,2025,3,March,Q1
1178,2025-03-23,2025,3,March,Q1
1179,2025-03-24,2025,3,March,Q1
1180,2025-03-25,2025,3,March,Q1
1181,2025-03-26,2025,3,March,Q1
1182,2025-03-27,2025,3,March,Q1
1183,2025-03-28,2025,3,March,Q1
1184,2025-03-29,2025,3,March,Q1
1185,2025-03-30,2025,3,March,Q1
1186,2025-03-31,2025,3,March,Q1
1187,2025-04-01,2025,4,April,Q2
1188,2025-04-02,2025,4,April,Q2
1189,2025-04-03,2025,4,April,Q2
1190,2025-04-04,2025,4,April,Q2
1191,2025-04-05,2025,4,April,Q2
1192,2025-04-06,2025,4,April,Q2
1193,2025-04-07,2025,4,April,Q2
1194,2025-04-08,2025,4,April,Q2
1195,2025-04-09,2025,4,April,Q2
1196,2025-04-10,2025,4,April,Q2
1197,2025-04-11,2025,4,April,Q2
1198,2025-04-12,2025,4,April,Q2
1199,2025-04-13,2025,4,April,Q2
1200,2025-04-14,2025,4,April,Q2
1201,2025-04-15,2025,4,April,Q2
1202,2025-04-16,2025,4,April,Q2
1203,2025-04-17,2025,4,April,Q2
1204,2025-04-18,2025,4,April,Q2
1205,2025-04-19,2025,4,April,Q2
1206,2025-04-20,2025,4,April,Q2
1207,2025-04-21,2025,4,April,Q2
1208,2025-04-22,2025,4,April,Q2
1209,2025-04-23,2025,4,April,Q2
1210,2025-04-24,2025,4,April,Q2
1211,2025-04-25,2025,4,April,Q2
1212,2025-04-26,2025,4,April,Q2
1213,2025-04-27,2025,4,April,Q2
1214,2025-04-28,2025,4,April,Q2
1215,2025-04-29,2025,4,April,Q2
1216,2025-04-30,2025,4,April,Q2
1217,2025-05-01,2025,5,May,Q2
1218,2025-05-02,2025,5,May,Q2
1219,2025-05-03,2025,5,May,Q2
1220,2025-05-04,2025,5,May,Q2
1221,2025-05-05,2025,5,May,Q2
1222,2025-05-06,2025,5,May,Q2
1223,2025-05-07,2025,5,May,Q2
1224,2025-05-08,2025,5,May,Q2
1225,2025-05-09,2025,5,May,Q2
1226,2025-05-10,2025,5,May,Q2
1227,2025-05-11,2025,5,May,Q2
1228,2025-05-12,2025,5,May,Q2
1229,2025-05-13,2025,5,May,Q2
1230,2025-05-14,2025,5,May,Q2
1231,2025-05-15,2025,5,May,Q2
1232,2025-05-16,2025,5,May,Q2
1233,2025-05-17,2025,5,May,Q2
1234,2025-05-18,2025,5,May,Q2
1235,2025-05-19,2025,5,May,Q2
1236,2025-05-20,2025,5,May,Q2
1237,2025-05-21,2025,5,May,Q2
1238,2025-05-22,2025,5,May,Q2
1239,2025-05-23,2025,5,May,Q2
1240,2025-05-24,2025,5,May,Q2
1241,2025-05-25,2025,5,May,Q2
1242,2025-05-26,2025,5,May,Q2
1243,2025-05-27,2025,5,May,Q2
1244,2025-05-28,2025,5,May,Q2
1245,2025-05-29,2025,5,May,Q2
1246,2025-05-30,2025,5,May,Q2
1247,2025-05-31,2025,5,May,Q2
1248,2025-06-01,2025,6,June,Q2
1249,2025-06-02,2025,6,June,Q2
1250,2025-06-03,2025,6,June,Q2
1251,2025-06-04,2025,6,June,Q2
1252,2025-06-05,2025,6,June,Q2
1253,2025-06-06,2025,6,June,Q2
1254,2025-06-07,2025,6,June,Q2
1255,2025-06-08,2025,6,June,Q2
1256,2025-06-09,2025,6,June,Q2
1257,2025-06-10,2025,6,June,Q2
1258,2025-06-11,2025,6,June,Q2
1259,2025-06-12,2025,6,June,Q2
1260,2025-06-13,2025,6,June,Q2
1261,2025-06-14,2025,6,June,Q2
1262,2025-06-15,2025,6,June,Q2
1263,2025-06-16,2025,6,June,Q2
1264,2025-06-17,2025,6,June,Q2
1265,2025-06-18,2025,6,June,Q2
1266,2025-06-19,2025,6,June,Q2
1267,2025-06-20,2025,6,June,Q2
1268,2025-06-21,2025,6,June,Q2
1269,2025-06-22,2025,6,June,Q2
1270,2025-06-23,2025,6,June,Q2
1271,2025-06-24,2025,6,June,Q2
1272,2025-06-25,2025,6,June,Q2
1273,2025-06-26,2025,6,June,Q2
1274,2025-06-27,2025,6,June,Q2
1275,2025-06-28,2025,6,June,Q2
1276,2025-06-29,2025,6,June,Q2
1277,2025-06-30,2025,6,June,Q2
1278,2025-07-01,2025,7,July,Q3
1279,2025-07-02,2025,7,July,Q3
1280,2025-07-03,2025,7,July,Q3
1281,2025-07-04,2025,7,July,Q3
1282,2025-07-05,2025,7,July,Q3
1283,2025-07-06,2025,7,July,Q3
1284,2025-07-07,2025,7,July,Q3
1285,2025-07-08,2025,7,July,Q3
1286,2025-07-09,2025,7,July,Q3
1287,2025-07-10,2025,7,July,Q3
1288,2025-07-11,2025,7,July,Q3
1289,2025-07-12,2025,7,July,Q3
1290,2025-07-13,2025,7,July,Q3
1291,2025-07-14,2025,7,July,Q3
1292,2025-07-15,2025,7,July,Q3
1293,2025-07-16,2025,7,July,Q3
1294,2025-07-17,2025,7,July,Q3
1295,2025-07-18,2025,7,July,Q3
1296,2025-07-19,2025,7,July,Q3
1297,2025-07-20,2025,7,July,Q3
1298,2025-07-21,2025,7,July,Q3
1299,2025-07-22,2025,7,July,Q3
1300,2025-07-23,2025,7,July,Q3
1301,2025-07-24,2025,7,July,Q3
1302,2025-07-25,2025,7,July,Q3
1303,2025-07-26,2025,7,July,Q3
1304,2025-07-27,2025,7,July,Q3
1305,2025-07-28,2025,7,July,Q3
1306,2025-07-29,2025,7,July,Q3
1307,2025-07-30,2025,7,July,Q3
1308,2025-07-31,2025,7,July,Q3
1309,2025-08-01,2025,8,August,Q3
1310,2025-08-02,2025,8,August,Q3
1311,2025-08-03,2025,8,August,Q3
1312,2025-08-04,2025,8,August,Q3
1313,2025-08-05,2025,8,August,Q3
1314,2025-08-06,2025,8,August,Q3
1315,2025-08-07,2025,8,August,Q3
1316,2025-08-08,2025,8,August,Q3
1317,2025-08-09,2025,8,August,Q3
1318,2025-08-10,2025,8,August,Q3
1319,2025-08-11,2025,8,August,Q3
1320,2025-08-12,2025,8,August,Q3
1321,2025-08-13,2025,8,August,Q3
1322,2025-08-14,2025,8,August,Q3
1323,2025-08-15,2025,8,August,Q3
1324,2025-08-16,2025,8,August,Q3
1325,2025-08-17,2025,8,August,Q3
1326,2025-08-18,2025,8,August,Q3
1327,2025-08-19,2025,8,August,Q3
1328,2025-08-20,2025,8,August,Q3
1329,2025-08-21,2025,8,August,Q3
1330,2025-08-22,2025,8,August,Q3
1331,2025-08-23,2025,8,August,Q3
1332,2025-08-24,2025,8,August,Q3
1333,2025-08-25,2025,8,August,Q3
1334,2025-08-26,2025,8,August,Q3
1335,2025-08-27,2025,8,August,Q3
1336,2025-08-28,2025,8,August,Q3
1337,2025-08-29,2025,8,August,Q3
1338,2025-08-30,2025,8,August,Q3
1339,2025-08-31,2025,8,August,Q3
1340,2025-09-01,2025,9,September,Q3
1341,2025-09-02,2025,9,September,Q3
1342,2025-09-03,2025,9,September,Q3
1343,2025-09-04,2025,9,September,Q3
1344,2025-09-05,2025,9,September,Q3
1345,2025-09-06,2025,9,September,Q3
1346,2025-09-07,2025,9,September,Q3
1347,2025-09-08,2025,9,September,Q3
1348,2025-09-09,2025,9,September,Q3
1349,2025-09-10,2025,9,September,Q3
1350,2025-09-11,2025,9,September,Q3
1351,2025-09-12,2025,9,September,Q3
1352,2025-09-13,2025,9,September,Q3
1353,2025-09-14,2025,9,September,Q3
1354,2025-09-15,2025,9,September,Q3
1355,2025-09-16,2025,9,September,Q3
1356,2025-09-17,2025,9,September,Q3
1357,2025-09-18,2025,9,September,Q3
1358,2025-09-19,2025,9,September,Q3
1359,2025-09-20,2025,9,September,Q3
1360,2025-09-21,2025,9,September,Q3
1361,2025-09-22,2025,9,September,Q3
1362,2025-09-23,2025,9,September,Q3
1363,2025-09-24,2025,9,September,Q3
1364,2025-09-25,2025,9,September,Q3
1365,2025-09-26,2025,9,September,Q3
1366,2025-09-27,2025,9,September,Q3
1367,2025-09-28,2025,9,September,Q3
1368,2025-09-29,2025,9,September,Q3
1369,2025-09-30,2025,9,September,Q3
1370,2025-10-01,2025,10,October,Q4
1371,2025-10-02,2025,10,October,Q4
1372,2025-10-03,2025,10,October,Q4
1373,2025-10-04,2025,10,October,Q4
1374,2025-10-05,2025,10,October,Q4
1375,2025-10-06,2025,10,October,Q4
1376,2025-10-07,2025,10,October,Q4
1377,2025-10-08,2025,10,October,Q4
1378,2025-10-09,2025,10,October,Q4
1379,2025-10-10,2025,10,October,Q4
1380,2025-10-11,2025,10,October,Q4
1381,2025-10-12,2025,10,October,Q4
1382,2025-10-13,2025,10,October,Q4
1383,2025-10-14,2025,10,October,Q4
1384,2025-10-15,2025,10,October,Q4
1385,2025-10-16,2025,10,October,Q4
1386,2025-10-17,2025,10,October,Q4
1387,2025-10-18,2025,10,October,Q4
1388,2025-10-19,2025,10,October,Q4
1389,2025-10-20,2025,10,October,Q4
1390,2025-10-21,2025,10,October,Q4
1391,2025-10-22,2025,10,October,Q4
1392,2025-10-23,2025,10,October,Q4
1393,2025-10-24,2025,10,October,Q4
1394,2025-10-25,2025,10,October,Q4
1395,2025-10-26,2025,10,October,Q4
1396,2025-10-27,2025,10,October,Q4
1397,2025-10-28,2025,10,October,Q4
1398,2025-10-29,2025,10,October,Q4
1399,2025-10-30,2025,10,October,Q4
1400,2025-10-31,2025,10,October,Q4
1401,2025-11-01,2025,11,November,Q4
1402,2025-11-02,2025,11,November,Q4
1403,2025-11-03,2025,11,November,Q4
1404,2025-11-04,2025,11,November,Q4
1405,2025-11-05,2025,11,November,Q4
1406,2025-11-06,2025,11,November,Q4
1407,2025-11-07,2025,11,November,Q4
1408,2025-11-08,2025,11,November,Q4
1409,2025-11-09,2025,11,November,Q4
1410,2025-11-10,2025,11,November,Q4
1411,2025-11-11,2025,11,November,Q4
1412,2025-11-12,2025,11,November,Q4
1413,2025-11-13,2025,11,November,Q4
1414,2025-11-14,2025,11,November,Q4
1415,2025-11-15,2025,11,November,Q4
1416,2025-11-16,2025,11,November,Q4
1417,2025-11-17,2025,11,November,Q4
1418,2025-11-18,2025,11,November,Q4
1419,2025-11-19,2025,11,November,Q4
1420,2025-11-20,2025,11,November,Q4
1421,2025-11-21,2025,11,November,Q4
1422,2025-11-22,2025,11,November,Q4
1423,2025-11-23,2025,11,November,Q4
1424,2025-11-24,2025,11,November,Q4
1425,2025-11-25,2025,11,November,Q4
1426,2025-11-26,2025,11,November,Q4
1427,2025-11-27,2025,11,November,Q4
1428,2025-11-28,2025,11,November,Q4
1429,2025-11-29,2025,11,November,Q4
1430,2025-11-30,2025,11,November,Q4
1431,2025-12-01,2025,12,December,Q4
1432,2025-12-02,2025,12,December,Q4
1433,2025-12-03,2025,12,December,Q4
1434,2025-12-04,2025,12,December,Q4
1435,2025-12-05,2025,12,December,Q4
1436,2025-12-06,2025,12,December,Q4
1437,2025-12-07,2025,12,December,Q4
1438,2025-12-08,2025,12,December,Q4
1439,2025-12-09,2025,12,December,Q4
1440,2025-12-10,2025,12,December,Q4
1441,2025-12-11,2025,12,December,Q4
1442,2025-12-12,2025,12,December,Q4
1443,2025-12-13,2025,12,December,Q4
1444,2025-12-14,2025,12,December,Q4
1445,2025-12-15,2025,12,December,Q4
1446,2025-12-16,2025,12,December,Q4
1447,2025-12-17,2025,12,December,Q4
1448,2025-12-18,2025,12,December,Q4
1449,2025-12-19,2025,12,December,Q4
1450,2025-12-20,2025,12,December,Q4
1451,2025-12-21,2025,12,December,Q4
1452,2025-12-22,2025,12,December,Q4
1453,2025-12-23,2025,12,December,Q4
1454,2025-12-24,2025,12,December,Q4
1455,2025-12-25,2025,12,December,Q4
1456,2025-12-26,2025,12,December,Q4
1457,2025-12-27,2025,12,December,Q4
1458,2025-12-28,2025,12,December,Q4
1459,2025-12-29,2025,12,December,Q4
1460,2025-12-30,2025,12,December,Q4
1461,2025-12-31,2025,12,December,Q4
